insert into campeonato(id, nome, ano) values (1, 'Campeonato Brasileiro - Serie A', 2015);

insert into clube(id, nome, estado) values (1, 'Chapecoense', 'SC');
insert into clube(id, nome, estado) values (2, 'Atlético - MG', 'MG');
insert into clube(id, nome, estado) values (3, 'Sport', 'PE');
insert into clube(id, nome, estado) values (4, 'Ponte Preta', 'SP');

insert into estadio(id, nome, cidade, estado) values (1, 'Regional Indio Condá', 'Chapecó', 'SC');
insert into estadio(id, nome, cidade, estado) values (2, 'Aldemar da Costa Carvalho', 'Recife', 'PE');

insert into jogador(id, apelido, nome, categoria, inscricao, clube_id) values (1,'Danilo','Marcos Danilo Padilha','P','159209',1);
insert into jogador(id, apelido, nome, categoria, inscricao, clube_id) values (2,'Apodi','Luiz Diallison de Souza','P','172576',1);
insert into jogador(id, apelido, nome, categoria, inscricao, clube_id) values (3,'Dener','Dener Assuncao Braz','P','305876',1);
insert into jogador(id, apelido, nome, categoria, inscricao, clube_id) values (4,'Gil','Jose Gildeixon Clementino','P','171547',1);
insert into jogador(id, apelido, nome, categoria, inscricao, clube_id) values (5,'Bruno','Bruno Rangel Domingues','P','158402',1);
insert into jogador(id, apelido, nome, categoria, inscricao, clube_id) values (6,'Ananias','Ananias Eloi Castro','P','183189',1);
insert into jogador(id, apelido, nome, categoria, inscricao, clube_id) values (7,'Elicarlos','Elicarlos Souza Santos','P','169835',1);
insert into jogador(id, apelido, nome, categoria, inscricao, clube_id) values (8,'Neto','Helio Hermito Zampie','P','170061',1);
insert into jogador(id, apelido, nome, categoria, inscricao, clube_id) values (9,'Vilson','Vilson Xavier de Men','P','179465',1);
insert into jogador(id, apelido, nome, categoria, inscricao, clube_id) values (10,'Cleber Santana','Cleber Santana Loureiro','P','140653',1);
insert into jogador(id, apelido, nome, categoria, inscricao, clube_id) values (11,'Tiago Luis','Tiago Luis Martins','P','175323',1);
insert into jogador(id, apelido, nome, categoria, inscricao, clube_id) values (12,'Rafael','Rafael Ramos de Lima','P','160686',1);
insert into jogador(id, apelido, nome, categoria, inscricao, clube_id) values (13,'Wanderson','Wanderson Pereira Ro ...','P','145244',1);
insert into jogador(id, apelido, nome, categoria, inscricao, clube_id) values (14,'Fernando','Fernando Camilo Farias','P','161437',1);
insert into jogador(id, apelido, nome, categoria, inscricao, clube_id) values (15,'Silvio','Silvio Silas da Silva','P','172168',1);
insert into jogador(id, apelido, nome, categoria, inscricao, clube_id) values (16,'Hyoran','Hyoran Kaue Dalmoro','P','304434',1);
insert into jogador(id, apelido, nome, categoria, inscricao, clube_id) values (17,'Roger','Roger Rodrigues da Silva','P','155541',1);
insert into jogador(id, apelido, nome, categoria, inscricao, clube_id) values (18,'Mateus','Mateus Lucena dos Santos','P','351540',1);
insert into jogador(id, apelido, nome, categoria, inscricao, clube_id) values (19,'Odair','Odair de Assis Pedro','A','357656',1);
insert into jogador(id, apelido, nome, categoria, inscricao, clube_id) values (20,'Joao','Joao Paulo Azevedo B', 'P', '142940',1);
insert into jogador(id, apelido, nome, categoria, inscricao, clube_id) values (21,'Nilson','Francinilson Santos','P','303766',1);
insert into jogador(id, apelido, nome, categoria, inscricao, clube_id) values (22,'Costa','Tiago da Costa Silva','P','188960',1);
insert into jogador(id, apelido, nome, categoria, inscricao, clube_id) values (23,'Wagner','Wagner Ricardo Silva','P','344955',1);
insert into jogador(id, apelido, nome, categoria, inscricao, clube_id) values (24,'Victor','Victor Leandro Bagy','P','156659',2);
insert into jogador(id, apelido, nome, categoria, inscricao, clube_id) values (25,'Marcos Rocha','Marcos Luis Rocha Aquino','P','176390',2);
insert into jogador(id, apelido, nome, categoria, inscricao, clube_id) values (26,'Leo Silva','Leonardo Fabiano da Silva','P','137705',2);
insert into jogador(id, apelido, nome, categoria, inscricao, clube_id) values (27,'Jemerson','Jemerson de Jesus Na...','P','335312',2);
insert into jogador(id, apelido, nome, categoria, inscricao, clube_id) values (28,'Rafael','Rafael de Souza Pereira','P','181262',2);
insert into jogador(id, apelido, nome, categoria, inscricao, clube_id) values (29,'Leandro Donizete','Leandro Donizete Gon...','P','163939',2);
insert into jogador(id, apelido, nome, categoria, inscricao, clube_id) values (30,'Lucas Pratto','Lucas David Pratto','P','521936',2);
insert into jogador(id, apelido, nome, categoria, inscricao, clube_id) values (31,'Datolo','Jesus Alberto Datolo','P','402208',2);
insert into jogador(id, apelido, nome, categoria, inscricao, clube_id) values (32,'Pedro Botelho','Pedro Roberto Silva Botelho','P','183902',2);
insert into jogador(id, apelido, nome, categoria, inscricao, clube_id) values (33,'Guilherme','Guilherme Milhomen','P','171975',2);
insert into jogador(id, apelido, nome, categoria, inscricao, clube_id) values (34,'Luan','Luan Madson Gedeao','P','298595',2);
insert into jogador(id, apelido, nome, categoria, inscricao, clube_id) values (35,'Edcarlos','Edcarlos Conceicao','P','162467',2);
insert into jogador(id, apelido, nome, categoria, inscricao, clube_id) values (36,'Carlos','Carlos Cesar Neves','P','165439',2);
insert into jogador(id, apelido, nome, categoria, inscricao, clube_id) values (37,'Cardenas','Sherman Andres Cardenas','P','522234',2);
insert into jogador(id, apelido, nome, categoria, inscricao, clube_id) values (38,'Giovanni','Giovanni Aparecido','P','175445',2);
insert into jogador(id, apelido, nome, categoria, inscricao, clube_id) values (39,'Thiago Ribeiro','Thiago Ribeiro Cardoso','P','164974',2);
insert into jogador(id, apelido, nome, categoria, inscricao, clube_id) values (40,'Dodo','Raphael Guimaraes','P','315101',2);
insert into jogador(id, apelido, nome, categoria, inscricao, clube_id) values (41,'Danilo','Danilo Pires Costa','P','302560',2);
insert into jogador(id, apelido, nome, categoria, inscricao, clube_id) values (42,'Tiago','Tiago Pagnussat','P','188260',2);
insert into jogador(id, apelido, nome, categoria, inscricao, clube_id) values (43,'Josue','Josue Anunciado','P','131212',2);
insert into jogador(id, apelido, nome, categoria, inscricao, clube_id) values (44,'Eduardo','Eduardo Henrique','P','345333',2);
insert into jogador(id, apelido, nome, categoria, inscricao, clube_id) values (45,'Danilo','Danilo Fernandes Batista','P','165830',3);
insert into jogador(id, apelido, nome, categoria, inscricao, clube_id) values (46,'Durval','Severino dos Ramos Durval','P','141516',3);
insert into jogador(id, apelido, nome, categoria, inscricao, clube_id) values (47,'Mancha','Rodrigo Marcos dos Santos','P','169990',3);
insert into jogador(id, apelido, nome, categoria, inscricao, clube_id) values (48,'Rene','Rene Rodrigues Martins','P','346636',3);
insert into jogador(id, apelido, nome, categoria, inscricao, clube_id) values (49,'Elber','Jose Elber Pimentel','P','298642',3);
insert into jogador(id, apelido, nome, categoria, inscricao, clube_id) values (50,'Johnath','Johnath Marlone Azevedo','P','307366',3);
insert into jogador(id, apelido, nome, categoria, inscricao, clube_id) values (51,'Matheus','Matheus Ferraz Pereira','P','175475',3);
insert into jogador(id, apelido, nome, categoria, inscricao, clube_id) values (52,'Rithely','Francisco Rithely da Silva.','P','184833',3);
insert into jogador(id, apelido, nome, categoria, inscricao, clube_id) values (53,'Ferrugem','Weverton Almeida Santos','P','181437',3);
insert into jogador(id, apelido, nome, categoria, inscricao, clube_id) values (54,'Diego Souza','Diego de Souza Andrade','P','161625',3);
insert into jogador(id, apelido, nome, categoria, inscricao, clube_id) values (55,'Andre','Andre Felipe Ribeiro ...','P','292942',3);
insert into jogador(id, apelido, nome, categoria, inscricao, clube_id) values (56,'Ewerton','Ewerton Ribeiro Pascoa','P','182550',3);
insert into jogador(id, apelido, nome, categoria, inscricao, clube_id) values (57,'Hernane','Hernane Vidal de Souza','P','186467',3);
insert into jogador(id, apelido, nome, categoria, inscricao, clube_id) values (58,'Regis','Regis Augusto Salmazzo','P','305723',3);
insert into jogador(id, apelido, nome, categoria, inscricao, clube_id) values (59,'Danilo','Danilo Carvalho Barcelos','P','313755',3);
insert into jogador(id, apelido, nome, categoria, inscricao, clube_id) values (60,'Wendel','Wendel Geraldo Mauri ...','P','140053',3);
insert into jogador(id, apelido, nome, categoria, inscricao, clube_id) values (61,'Samuel','Samuel Rosa Goncalves','P','292175',3);
insert into jogador(id, apelido, nome, categoria, inscricao, clube_id) values (62,'Oswaldo','Oswaldo Alfredo de L','P','341959',3);
insert into jogador(id, apelido, nome, categoria, inscricao, clube_id) values (63,'Luiz','Carlos Luiz Carlos Oliveira ...','P','165818',3);
insert into jogador(id, apelido, nome, categoria, inscricao, clube_id) values (64,'Neto','Antonio Francisco Moreira NEto','P','383527',3);
insert into jogador(id, apelido, nome, categoria, inscricao, clube_id) values (65,'Marcelo','Marcelo Lomba','P','157264',4);
insert into jogador(id, apelido, nome, categoria, inscricao, clube_id) values (66,'Rodinei','Rodinei Marcelo de Andrade','P','353568',4);
insert into jogador(id, apelido, nome, categoria, inscricao, clube_id) values (67,'Renato','Renato de Araujo','P','180732',4);
insert into jogador(id, apelido, nome, categoria, inscricao, clube_id) values (68,'Pablo','Pablo Nascimento Castro','P','292526',4);
insert into jogador(id, apelido, nome, categoria, inscricao, clube_id) values (69,'Fernando','Fernando Paixao da Silva','P','172039',4);
insert into jogador(id, apelido, nome, categoria, inscricao, clube_id) values (70,'Gilson','Gilson Gomes do Nascimento','P','167201',4);
insert into jogador(id, apelido, nome, categoria, inscricao, clube_id) values (71,'Felipe','Felipe Azevedo dos Santos','P','175557',4);
insert into jogador(id, apelido, nome, categoria, inscricao, clube_id) values (72,'Josimar','Josimar Rosado','P','168939',4);
insert into jogador(id, apelido, nome, categoria, inscricao, clube_id) values (73,'Borges','Humberlito Borges','P','159747',4);
insert into jogador(id, apelido, nome, categoria, inscricao, clube_id) values (74,'Bady','Renato Escobar Baruffi','P','186547',4);
insert into jogador(id, apelido, nome, categoria, inscricao, clube_id) values (75,'Cesar','Cesar Fernando Silva...','P','298438',4);
insert into jogador(id, apelido, nome, categoria, inscricao, clube_id) values (76,'Matheus','Matheus Francisco Inacio','P','324710',4);
insert into jogador(id, apelido, nome, categoria, inscricao, clube_id) values (77,'Tiago','Tiago dos Santos Alves','P','167723',4);
insert into jogador(id, apelido, nome, categoria, inscricao, clube_id) values (78,'Diego Ivo','Diego Ivo Pires','P','295845',4);
insert into jogador(id, apelido, nome, categoria, inscricao, clube_id) values (79,'Jeferson','Jeferson de Araujo d...','P','337508',4);
insert into jogador(id, apelido, nome, categoria, inscricao, clube_id) values (80,'Adilson','Adilson dos Anjos Ol...','P','337261',4);
insert into jogador(id, apelido, nome, categoria, inscricao, clube_id) values (81,'Elton','Elton Junior Melo Ataide','P','181803',4);
insert into jogador(id, apelido, nome, categoria, inscricao, clube_id) values (82,'Felipe','Felipe de Oliveira Silva','P','189538',4);
insert into jogador(id, apelido, nome, categoria, inscricao, clube_id) values (83,'Leandro','Leandro Henrique do ...','A','409664',4);
insert into jogador(id, apelido, nome, categoria, inscricao, clube_id) values (84,'Marcos','Marcos da Silva Franca','P','375634',4);

insert into relacao(id, clube_id) values (1, 3);
insert into relacao(id, clube_id) values (2, 4);

insert into jogador_relacionado (id, jogador_id, numero, relacao_id, tipo_escalacao) values (null, 45, 12, 1, 'T');
insert into jogador_relacionado (id, jogador_id, numero, relacao_id, tipo_escalacao) values (null, 46,  4, 1, 'T');
insert into jogador_relacionado (id, jogador_id, numero, relacao_id, tipo_escalacao) values (null, 47,  5, 1, 'T');
insert into jogador_relacionado (id, jogador_id, numero, relacao_id, tipo_escalacao) values (null, 48,  6, 1, 'T');
insert into jogador_relacionado (id, jogador_id, numero, relacao_id, tipo_escalacao) values (null, 49,  7, 1, 'T');
insert into jogador_relacionado (id, jogador_id, numero, relacao_id, tipo_escalacao) values (null, 50,  8, 1, 'T');
insert into jogador_relacionado (id, jogador_id, numero, relacao_id, tipo_escalacao) values (null, 51, 16, 1, 'T');
insert into jogador_relacionado (id, jogador_id, numero, relacao_id, tipo_escalacao) values (null, 52, 21, 1, 'T');
insert into jogador_relacionado (id, jogador_id, numero, relacao_id, tipo_escalacao) values (null, 53, 77, 1, 'T');
insert into jogador_relacionado (id, jogador_id, numero, relacao_id, tipo_escalacao) values (null, 54, 87, 1, 'T');
insert into jogador_relacionado (id, jogador_id, numero, relacao_id, tipo_escalacao) values (null, 55, 90, 1, 'T');
insert into jogador_relacionado (id, jogador_id, numero, relacao_id, tipo_escalacao) values (null, 56,  3, 1, 'R');
insert into jogador_relacionado (id, jogador_id, numero, relacao_id, tipo_escalacao) values (null, 57,  9, 1, 'R');
insert into jogador_relacionado (id, jogador_id, numero, relacao_id, tipo_escalacao) values (null, 58, 10, 1, 'R');
insert into jogador_relacionado (id, jogador_id, numero, relacao_id, tipo_escalacao) values (null, 59, 14, 1, 'R');
insert into jogador_relacionado (id, jogador_id, numero, relacao_id, tipo_escalacao) values (null, 60, 17, 1, 'R');
insert into jogador_relacionado (id, jogador_id, numero, relacao_id, tipo_escalacao) values (null, 61, 19, 1, 'R');
insert into jogador_relacionado (id, jogador_id, numero, relacao_id, tipo_escalacao) values (null, 62, 22, 1, 'R');
insert into jogador_relacionado (id, jogador_id, numero, relacao_id, tipo_escalacao) values (null, 63, 23, 1, 'R');
insert into jogador_relacionado (id, jogador_id, numero, relacao_id, tipo_escalacao) values (null, 64, 25, 1, 'R');
insert into jogador_relacionado (id, jogador_id, numero, relacao_id, tipo_escalacao) values (null, 65,  1, 2, 'T');
insert into jogador_relacionado (id, jogador_id, numero, relacao_id, tipo_escalacao) values (null, 66,  2, 2, 'T');
insert into jogador_relacionado (id, jogador_id, numero, relacao_id, tipo_escalacao) values (null, 67,  3, 2, 'T');
insert into jogador_relacionado (id, jogador_id, numero, relacao_id, tipo_escalacao) values (null, 68,  4, 2, 'T');
insert into jogador_relacionado (id, jogador_id, numero, relacao_id, tipo_escalacao) values (null, 69,  5, 2, 'T');
insert into jogador_relacionado (id, jogador_id, numero, relacao_id, tipo_escalacao) values (null, 70,  6, 2, 'T');
insert into jogador_relacionado (id, jogador_id, numero, relacao_id, tipo_escalacao) values (null, 71,  7, 2, 'T');
insert into jogador_relacionado (id, jogador_id, numero, relacao_id, tipo_escalacao) values (null, 72,  8, 2, 'T');
insert into jogador_relacionado (id, jogador_id, numero, relacao_id, tipo_escalacao) values (null, 73,  9, 2, 'T');
insert into jogador_relacionado (id, jogador_id, numero, relacao_id, tipo_escalacao) values (null, 74, 10, 2, 'T');
insert into jogador_relacionado (id, jogador_id, numero, relacao_id, tipo_escalacao) values (null, 75, 11, 2, 'T');
insert into jogador_relacionado (id, jogador_id, numero, relacao_id, tipo_escalacao) values (null, 76, 12, 2, 'R');
insert into jogador_relacionado (id, jogador_id, numero, relacao_id, tipo_escalacao) values (null, 77, 13, 2, 'R');
insert into jogador_relacionado (id, jogador_id, numero, relacao_id, tipo_escalacao) values (null, 78, 14, 2, 'R');
insert into jogador_relacionado (id, jogador_id, numero, relacao_id, tipo_escalacao) values (null, 79, 15, 2, 'R');
insert into jogador_relacionado (id, jogador_id, numero, relacao_id, tipo_escalacao) values (null, 80, 16, 2, 'R');
insert into jogador_relacionado (id, jogador_id, numero, relacao_id, tipo_escalacao) values (null, 81, 17, 2, 'R');
insert into jogador_relacionado (id, jogador_id, numero, relacao_id, tipo_escalacao) values (null, 82, 18, 2, 'R');
insert into jogador_relacionado (id, jogador_id, numero, relacao_id, tipo_escalacao) values (null, 83, 19, 2, 'R');
insert into jogador_relacionado (id, jogador_id, numero, relacao_id, tipo_escalacao) values (null, 84, 20, 2, 'R');

insert into sumula (id, campeonato_id, casa_id, visitante_id, data, estadio_id, rodada) values (1, 1, 1, 2, '2015-08-16 16:00:00', 2, 189);
